video_id,traj_type,human_acc_pct,human_comm_acc_pct,gemini_2.5_flash_acc_pct,gemini_2.5_flash_comm_acc_pct,gemini_2.5_flash_agr_pct,gemini_3_pro_acc_pct,gemini_3_pro_comm_acc_pct,gemini_3_pro_agr_pct,gpt-4o_acc_pct,gpt-4o_comm_acc_pct,gpt-4o_agr_pct,gpt-5.4_acc_pct,gpt-5.4_comm_acc_pct,gpt-5.4_agr_pct,claude_opus_4.5_acc_pct,claude_opus_4.5_comm_acc_pct,claude_opus_4.5_agr_pct,claude_opus_4-6_acc_pct,claude_opus_4-6_comm_acc_pct,claude_opus_4-6_agr_pct
amb_d_drawer_close,Ambiguous,50.0,80.0,50.0,100.0,68.8,75.0,100.0,62.5,25.0,33.3,56.2,75.0,75.0,43.8,50.0,66.7,62.5,25.0,50.0,62.5
amb_l_block,Ambiguous,78.1,100.0,75.0,100.0,96.9,75.0,100.0,96.9,50.0,66.7,71.9,50.0,66.7,71.9,75.0,100.0,96.9,75.0,100.0,96.9
amb_r_block,Ambiguous,56.2,90.0,50.0,66.7,46.9,50.0,100.0,87.5,50.0,100.0,87.5,50.0,66.7,71.9,50.0,100.0,87.5,25.0,100.0,62.5
amb_to_drawer_close,Ambiguous,53.1,89.5,50.0,66.7,81.2,50.0,66.7,81.2,50.0,66.7,53.1,25.0,33.3,56.2,25.0,33.3,56.2,50.0,100.0,90.6
le_d_drawer_close,Legible,65.6,91.3,50.0,66.7,75.0,75.0,100.0,78.1,50.0,100.0,78.1,75.0,100.0,78.1,75.0,100.0,78.1,50.0,66.7,75.0
le_l_block,Legible,70.8,100.0,66.7,100.0,95.8,66.7,100.0,95.8,66.7,100.0,95.8,66.7,100.0,95.8,66.7,100.0,95.8,66.7,100.0,95.8
le_r_block,Legible,75.0,96.0,25.0,33.3,46.9,75.0,100.0,96.9,0.0,0.0,21.9,75.0,100.0,96.9,75.0,100.0,96.9,75.0,100.0,96.9
le_t_drawer_close,Legible,43.8,87.5,50.0,66.7,68.8,75.0,100.0,68.8,25.0,50.0,81.2,75.0,100.0,68.8,100.0,100.0,43.8,100.0,100.0,43.8
MEAN,—,61.3,92.1,51.6,72.7,71.8,67.7,95.5,83.1,38.7,60.0,67.3,61.3,79.2,72.2,64.5,87.0,76.6,58.1,90.0,77.4
